step,R_analytic,R_mc_100,R_mc_500,R_mc_1000,R_mc_2500,R_mc_5000
0,1.0,1.0,1.0,1.0,1.0,1.0
1,0.999884043365873,1.0,0.998,0.999,0.9996,0.9996
2,0.9993872231160781,1.0,0.998,0.999,0.9996,0.9994
3,0.9983175138280215,0.99,0.996,0.998,0.9988,0.9984
4,0.9965212156261005,0.99,0.994,0.997,0.9972,0.9964
5,0.9938787551292936,0.98,0.992,0.994,0.9932,0.9932
6,0.990300765368817,0.97,0.988,0.992,0.9896,0.9896
7,0.9857244468265169,0.97,0.986,0.985,0.9836,0.9846
8,0.9801102072605353,0.97,0.978,0.977,0.978,0.9802
9,0.9734385744666889,0.97,0.972,0.967,0.9704,0.9734
10,0.9657073734178458,0.97,0.966,0.96,0.9652,0.9664
11,0.9569291571965848,0.94,0.958,0.951,0.9568,0.9576
12,0.947128879674666,0.94,0.948,0.942,0.9452,0.947
13,0.9363417968985892,0.93,0.942,0.934,0.9356,0.936
14,0.9246115835302815,0.93,0.928,0.92,0.9212,0.922
15,0.9119886503944401,0.93,0.918,0.909,0.9088,0.9112
16,0.8985286491387976,0.92,0.902,0.897,0.896,0.8984
17,0.8842911501690991,0.9,0.884,0.884,0.8848,0.884
18,0.8693384803336738,0.88,0.864,0.865,0.8684,0.8672
19,0.8537347072665488,0.86,0.852,0.848,0.8532,0.8538
20,0.8375447578226296,0.85,0.842,0.834,0.8368,0.8404
21,0.8208336586281091,0.84,0.82,0.817,0.8204,0.826
22,0.8036658874028609,0.81,0.8,0.798,0.8036,0.8066
23,0.786104824371858,0.78,0.782,0.783,0.784,0.7878
24,0.7682122937554728,0.75,0.764,0.761,0.766,0.7702
25,0.7500481860024644,0.72,0.746,0.745,0.7488,0.7522
26,0.7316701520954618,0.71,0.73,0.729,0.7324,0.7332
27,0.7131333619096509,0.68,0.702,0.71,0.7128,0.7156
28,0.6944903192356611,0.67,0.684,0.691,0.6948,0.6958
29,0.6757907266832412,0.66,0.666,0.67,0.6768,0.6764
30,0.6570813942601921,0.62,0.642,0.652,0.6588,0.658
31,0.6384061859692123,0.62,0.62,0.632,0.6408,0.6388
32,0.619805999282559,0.62,0.596,0.612,0.624,0.6222
33,0.6013187728401411,0.61,0.584,0.595,0.6028,0.6014
34,0.5829795181708021,0.59,0.564,0.573,0.5848,0.5826
35,0.5648203716594038,0.57,0.548,0.556,0.5648,0.5638
36,0.5468706633746572,0.53,0.528,0.538,0.5452,0.5448
37,0.5291569997352763,0.49,0.502,0.513,0.5264,0.5254
38,0.5117033573261781,0.49,0.498,0.509,0.5116,0.51
39,0.4945311854833068,0.46,0.484,0.494,0.4948,0.4934
40,0.4776595155465946,0.44,0.45,0.469,0.4748,0.4762
41,0.46110507493700936,0.44,0.436,0.456,0.4588,0.4614
42,0.44488240444700233,0.43,0.422,0.435,0.4412,0.4434
43,0.42900397734541174,0.42,0.404,0.421,0.4268,0.4298
44,0.41348031908944627,0.42,0.392,0.405,0.4108,0.4136
45,0.3983201266091556,0.4,0.368,0.385,0.3928,0.3968
46,0.3835303862851691,0.39,0.354,0.373,0.3764,0.3798
47,0.3691164898797693,0.38,0.348,0.367,0.3628,0.3668
48,0.35508234780582026,0.36,0.33,0.347,0.3436,0.3518
49,0.3414304992289007,0.36,0.324,0.341,0.33,0.3392
50,0.32816221859633066,0.36,0.314,0.333,0.3188,0.326
51,0.3152776182737121,0.34,0.304,0.321,0.3044,0.3126
52,0.3027757470461421,0.33,0.292,0.304,0.2904,0.3014
53,0.2906546843083201,0.31,0.284,0.293,0.2784,0.2864
54,0.27891162982628703,0.3,0.278,0.283,0.2688,0.2754
55,0.2675429890042776,0.3,0.264,0.27,0.2604,0.265
56,0.25654445363393535,0.29,0.258,0.262,0.2512,0.2534
57,0.24591107814060054,0.27,0.242,0.248,0.2388,0.2428
58,0.2356373513732215,0.27,0.24,0.243,0.2308,0.234
59,0.2257172640112189,0.27,0.228,0.231,0.2208,0.223
60,0.21614437168392087,0.26,0.216,0.216,0.21,0.2122
61,0.20691185391647277,0.25,0.206,0.21,0.2012,0.203
62,0.19801256903087044,0.25,0.2,0.203,0.1952,0.1958
63,0.1894391051423841,0.2,0.188,0.193,0.1856,0.186
64,0.18118382740050373,0.2,0.186,0.19,0.1804,0.1796
65,0.17323892163000093,0.19,0.182,0.183,0.1708,0.171
66,0.16559643453205952,0.18,0.174,0.174,0.1632,0.1638
67,0.1582483106079729,0.16,0.164,0.164,0.1564,0.157
68,0.1511864259688752,0.16,0.162,0.159,0.1496,0.1506
69,0.14440261919460726,0.16,0.15,0.148,0.1388,0.1428
70,0.13788871940331082,0.15,0.14,0.142,0.1324,0.1356
71,0.1316365716908643,0.15,0.132,0.135,0.124,0.1282
72,0.12563806009601358,0.14,0.13,0.129,0.1204,0.124
73,0.11988512824311316,0.14,0.126,0.126,0.1164,0.1188
74,0.11436979780993528,0.14,0.118,0.12,0.1088,0.1134
75,0.10908418496312469,0.14,0.114,0.115,0.1056,0.1072
76,0.10402051489866557,0.13,0.104,0.106,0.0992,0.1016
77,0.0991711346192929,0.12,0.098,0.102,0.0964,0.0984
78,0.09452852407516603,0.12,0.094,0.1,0.0912,0.0926
79,0.09008530578842623,0.12,0.092,0.096,0.0868,0.0886
80,0.08583425307650572,0.12,0.092,0.092,0.0828,0.0848
81,0.08176829698331826,0.11,0.084,0.086,0.0772,0.0798
82,0.07788053202176196,0.1,0.078,0.082,0.0748,0.0762
83,0.07416422082534678,0.1,0.076,0.079,0.0728,0.073
84,0.07061279780125213,0.1,0.072,0.075,0.0692,0.0694
85,0.06721987187173813,0.08,0.066,0.072,0.066,0.0662
86,0.06397922838561027,0.07,0.064,0.068,0.0608,0.0608
87,0.06088483027637147,0.07,0.06,0.063,0.0568,0.0564
88,0.05793081853881453,0.06,0.058,0.061,0.0528,0.0526
89,0.055111512091106554,0.06,0.056,0.058,0.0504,0.0502
90,0.052421407084913066,0.06,0.054,0.055,0.0488,0.0486
91,0.04985517572179667,0.06,0.054,0.055,0.0472,0.0466
92,0.04740766463001594,0.06,0.046,0.05,0.044,0.0438
93,0.04507389285193277,0.06,0.046,0.049,0.0436,0.042
94,0.04284904948852097,0.06,0.044,0.046,0.042,0.041
95,0.04072849104394492,0.06,0.042,0.044,0.0404,0.0386
96,0.03870773850984481,0.05,0.04,0.043,0.0388,0.0368
97,0.03678247422581923,0.05,0.038,0.04,0.036,0.0336
98,0.03494853854963232,0.05,0.038,0.039,0.0352,0.0328
99,0.033201926367883744,0.04,0.034,0.037,0.0344,0.0308
100,0.03153878347526293,0.04,0.03,0.033,0.0316,0.0288
101,0.029955402848054015,0.04,0.028,0.031,0.03,0.0274
102,0.028448220835262557,0.03,0.024,0.029,0.0272,0.0246
103,0.027013813288588265,0.03,0.022,0.027,0.0256,0.0228
104,0.02564889165046713,0.03,0.022,0.025,0.0244,0.022
105,0.02435029901754161,0.02,0.02,0.024,0.0236,0.0216
106,0.02311500619518419,0.02,0.018,0.022,0.0224,0.0206
107,0.021940107757090044,0.02,0.016,0.021,0.022,0.0202
108,0.020822818122462332,0.02,0.016,0.021,0.0216,0.019
109,0.019760467661932738,0.02,0.016,0.021,0.0204,0.0178
110,0.01875049884208483,0.02,0.016,0.021,0.0196,0.0174
111,0.017790462417269358,0.02,0.016,0.02,0.0188,0.0166
112,0.016878013676318096,0.02,0.016,0.02,0.018,0.016
113,0.01601090875076543,0.02,0.016,0.019,0.0176,0.0154
114,0.015187000990273192,0.02,0.016,0.018,0.0168,0.0142
115,0.014404237410115966,0.02,0.014,0.017,0.0156,0.0128
116,0.013660655214819106,0.02,0.014,0.016,0.014,0.0118
117,0.012954378401342607,0.02,0.012,0.014,0.0128,0.0112
118,0.012283614444568451,0.02,0.012,0.014,0.0128,0.0104
119,0.011646651067270997,0.02,0.01,0.013,0.0124,0.0096
